id | nome | path 
61283751157601 | Vanessa Cristina Oliveira de Souza | ../Lattes/16/61283751157601.zip
37859392334942 | João Angelo Martini | ../Lattes/16/37859392334942.zip
56881663114095 | Marco Serpa Molinaro | ../Lattes/16/56881663114095.zip
37920095031442 | Jürgen Josef Bohn | ../Lattes/16/37920095031442.zip
07852138156562 | Luís Paulo Faina Garcia | ../Lattes/16/07852138156562.zip
47318644299561 | Mauricio Galo | ../Lattes/16/47318644299561.zip
11789402968312 | Marcia Pasin | ../Lattes/16/11789402968312.zip
89147340536405 | Luciano Antonio Digiampietri | ../Lattes/16/89147340536405.zip
77599200632096 | Rogério Aparecido Gonçalves | ../Lattes/16/77599200632096.zip
48316318310818 | Jônatas Manzolli | ../Lattes/16/48316318310818.zip
55079358383265 | Antonio Francisco Savi | ../Lattes/16/55079358383265.zip
99185511903493 | Denise Lazzeri Gastaldo | ../Lattes/16/99185511903493.zip
78856829160058 | Júlio Sancho Linhares Teixeira Militão | ../Lattes/16/78856829160058.zip
19120304203132 | Rafael Medeiros Sperb | ../Lattes/16/19120304203132.zip
27235547325264 | João Roberto Bertini Junior | ../Lattes/16/27235547325264.zip
38611699182867 | Marcelo Roberto da Maia | ../Lattes/16/38611699182867.zip
30057446729066 | Charles Christian Miers | ../Lattes/16/30057446729066.zip
62968574140519 | Juarez Assumpção Muylaert Filho | ../Lattes/16/62968574140519.zip
03486653923626 | Cristiano Lazzari | ../Lattes/16/03486653923626.zip
87921185079998 | Erik Aceiro Antonio | ../Lattes/16/87921185079998.zip
67399553384139 | Cristiane Zanni Hubinger | ../Lattes/16/67399553384139.zip
17345125801004 | Eduardo Antonio Sleiman | ../Lattes/16/17345125801004.zip
20542010841099 | Rachel Cristina Mello Guimarães | ../Lattes/16/20542010841099.zip
99036954652861 | Paulo Rodrigo Cavalin | ../Lattes/16/99036954652861.zip
09339438630667 | Edilberto Strauss | ../Lattes/16/09339438630667.zip
82925222063297 | Marcos Cesar Madruga Alves Pinheiro | ../Lattes/16/82925222063297.zip
31238943341152 | Gustavo Henrique Lima Pinto | ../Lattes/16/31238943341152.zip
60070580824436 | Fabrício Martins Lopes | ../Lattes/16/60070580824436.zip
78341311249552 | Washington Wagner Azevedo da Silva | ../Lattes/16/78341311249552.zip
17995825453616 | Leomar Alves de Souza | ../Lattes/16/17995825453616.zip
17071773481762 | Marcelo Marques Simoes de Souza | ../Lattes/16/17071773481762.zip
76563342376126 | Ulf Bergmann | ../Lattes/16/76563342376126.zip
63662744643488 | Jonas de Miranda Gomes | ../Lattes/16/63662744643488.zip
79486689581930 | Marcos de Oliveira Lage Ferreira | ../Lattes/16/79486689581930.zip
27182702062161 | Miguel de Andrade Freitas | ../Lattes/16/27182702062161.zip
90829715040071 | Marcus Vinicius de Melo Rocha | ../Lattes/16/90829715040071.zip
47118503085126 | Roberto Hirata Junior | ../Lattes/16/47118503085126.zip
61576162572133 | Cibelle Degel Barbosa | ../Lattes/16/61576162572133.zip
07596289960868 | Roberto Pereira | ../Lattes/16/07596289960868.zip
69942395173553 | Marcos Regis Vescovi | ../Lattes/16/69942395173553.zip
17412139473869 | Maici Duarte Leite | ../Lattes/16/17412139473869.zip
02263194876946 | Julio Macias | ../Lattes/16/02263194876946.zip
70758318835776 | Alberto José Alvares | ../Lattes/16/70758318835776.zip
11413245674306 | Antonio Cesar Ferreira Guimaraes | ../Lattes/16/11413245674306.zip
13996864423930 | Shah Nazir | ../Lattes/16/13996864423930.zip
69263173728452 | Lawrence Chung Koo | ../Lattes/16/69263173728452.zip
08985571711223 | Hiroo Takaoka | ../Lattes/16/08985571711223.zip
70871074153714 | Francisco Junqueira Muniz | ../Lattes/16/70871074153714.zip
40844727974805 | Vera Lúcia Guiselli Lopes | ../Lattes/16/40844727974805.zip
88136556728644 | Renata Silva Souza Guizzardi | ../Lattes/16/88136556728644.zip
99422415402265 | Claudio Henrique da Silva | ../Lattes/16/99422415402265.zip
08062196337851 | Manoel Gomes de Mendonça Neto | ../Lattes/16/08062196337851.zip
75315368809161 | Jose Valdeni de Lima | ../Lattes/16/75315368809161.zip
96321149610614 | Edwirde Luiz Silva Camêlo | ../Lattes/16/96321149610614.zip
70816922219129 | Iara Augustin | ../Lattes/16/70816922219129.zip
35497235155150 | Carlos Heitor Pereira Liberalino | ../Lattes/16/35497235155150.zip
91967052471277 | Leonardo Marques Rocha | ../Lattes/16/91967052471277.zip
33968449319130 | Fernando Yoiti Obana | ../Lattes/16/33968449319130.zip
21729459222873 | Antonio Luz Furtado | ../Lattes/16/21729459222873.zip
84059462485729 | Lucília Camarão de Figueiredo | ../Lattes/16/84059462485729.zip
75297925168884 | Maria Emília Melo Tamanini Zanquetta | ../Lattes/16/75297925168884.zip
06941011950531 | Felipe Vieira Klein | ../Lattes/16/06941011950531.zip
08909918273779 | Alex de Vasconcellos Garcia | ../Lattes/16/08909918273779.zip
99930671349533 | Jarley Palmeira Nóbrega | ../Lattes/16/99930671349533.zip
10582393101376 | Marisangela Pacheco Brittes | ../Lattes/16/10582393101376.zip
40275970796898 | Anderson Fernandes Pereira dos Santos | ../Lattes/16/40275970796898.zip
06152852970972 | Lauro Celio Portilho Floriani | ../Lattes/16/06152852970972.zip
27651471182825 | Pier-Giovanni Taranti | ../Lattes/16/27651471182825.zip
16220229427019 | Vivian Genaro Motti | ../Lattes/16/16220229427019.zip
66573284390664 | Viktar Krasnaproshyn | ../Lattes/16/66573284390664.zip
46903775054052 | Jacques Chueke | ../Lattes/16/46903775054052.zip
83103256350081 | José Alberto Pérez Benitez | ../Lattes/16/83103256350081.zip
94097090760981 | Alison Zille Lopes | ../Lattes/32/94097090760981.zip
72427542645197 | Lucas Antunes Tambara | ../Lattes/32/72427542645197.zip
94271302270615 | Jose Antonio Ortega | ../Lattes/32/94271302270615.zip
78315914566734 | Ricardo Zorzetto Nicoliello Vêncio | ../Lattes/32/78315914566734.zip
77487290886063 | André Rauber Du Bois | ../Lattes/32/77487290886063.zip
97807637570938 | André Salvaro Furtado | ../Lattes/32/97807637570938.zip
65921900792672 | João Eugenio Marynowski | ../Lattes/32/65921900792672.zip
28159608138969 | Cláudio Nogueira Sant`Anna | ../Lattes/32/28159608138969.zip
03407648310274 | André Lage Freitas | ../Lattes/32/03407648310274.zip
99964885069138 | Davi Geiger | ../Lattes/32/99964885069138.zip
03738472939875 | Leandro Lorenzett Dihl | ../Lattes/32/03738472939875.zip
62681213088048 | Isabela Gasparini | ../Lattes/32/62681213088048.zip
38408117360208 | João Marcelo Borovina Josko | ../Lattes/32/38408117360208.zip
09889989970425 | Jaime Cazuhiro Ossada | ../Lattes/32/09889989970425.zip
37709114127674 | Alessandro Gerlinger Romero | ../Lattes/32/37709114127674.zip
43275619679099 | Leandro Key Higuchi Yanaze | ../Lattes/32/43275619679099.zip
06925830268389 | Ricardo Janes | ../Lattes/32/06925830268389.zip
32663071892028 | Ana Amélia de Souza Pereira | ../Lattes/32/32663071892028.zip
86528998900137 | Raimundo Viégas Junior | ../Lattes/32/86528998900137.zip
16441382223685 | Julio Cezar Silveira Jacques Junior | ../Lattes/32/16441382223685.zip
64840654712709 | Claudio Roberto de Vincenzi | ../Lattes/32/64840654712709.zip
72159643458627 | Atslands Rego da Rocha | ../Lattes/32/72159643458627.zip
84179037499048 | Antonio Carlos dos Santos Souza | ../Lattes/32/84179037499048.zip
77510464047127 | Zair Abdelouahab | ../Lattes/32/77510464047127.zip
74742704371805 | Hilton José Silva de Azevedo | ../Lattes/32/74742704371805.zip
20969287088664 | Luiz Henrique Longhi Rossi | ../Lattes/32/20969287088664.zip
03796185958798 | Anderson Fraiha Machado | ../Lattes/32/03796185958798.zip
66765835477940 | Gustavo Ansaldi Oliva | ../Lattes/32/66765835477940.zip
66082770151361 | Márcia de Borba Campos | ../Lattes/32/66082770151361.zip
88411463104926 | Alice Shimada Bacic | ../Lattes/32/88411463104926.zip
98246411086415 | Elaine Gouvêa Pimentel | ../Lattes/32/98246411086415.zip
62605181881586 | Antonio Carlos Fernandes da Silva | ../Lattes/32/62605181881586.zip
56284655278061 | José Demisio Simões da Silva | ../Lattes/32/56284655278061.zip
75705963015582 | Anderson Fabiano Batista Ferreira da Costa | ../Lattes/32/75705963015582.zip
09386606954474 | Joaquim Quinteiro Uchôa | ../Lattes/32/09386606954474.zip
96134840655215 | Andrea Oliveira Soares Barreto | ../Lattes/32/96134840655215.zip
87342602591950 | Juan Carlos Zuñiga Torres | ../Lattes/32/87342602591950.zip
73998433544268 | Thiago Emmanuel Pereira da Cunha Silva | ../Lattes/32/73998433544268.zip
36957060954207 | Sandro Rafaeli | ../Lattes/32/36957060954207.zip
94090242380648 | Pablo Andretta Jaskowiak | ../Lattes/32/94090242380648.zip
86329883412205 | Jussara Marques de Almeida | ../Lattes/32/86329883412205.zip
59328043872978 | Joao Marcelo Ceron | ../Lattes/32/59328043872978.zip
00716627366267 | Cleber Valgas Gomes Mira | ../Lattes/32/00716627366267.zip
80717866702614 | Antonio Josefran de Oliveira Bastos | ../Lattes/32/80717866702614.zip
35172260874594 | Mutaleci de Goes Miranda | ../Lattes/32/35172260874594.zip
84961892472829 | Tiago Araújo Neves | ../Lattes/32/84961892472829.zip
54713655194108 | Mário Luiz Lopes Reiss | ../Lattes/32/54713655194108.zip
80048370438912 | Luiz Eduardo Nicolini do Patrocínio Nunes | ../Lattes/32/80048370438912.zip
28664069249289 | José Tarcísio Pires Trindade | ../Lattes/32/28664069249289.zip
03271241119219 | Lucas Bueno Ruas de Oliveira | ../Lattes/32/03271241119219.zip
41385623970166 | Douglas Paulesky Juliani | ../Lattes/32/41385623970166.zip
83294973534606 | Alixandre Thiago Ferreira Santana | ../Lattes/32/83294973534606.zip
26063681432550 | Joel da Silva | ../Lattes/32/26063681432550.zip
19310493421365 | Joel Pinho Lucas | ../Lattes/32/19310493421365.zip
49890516523340 | Alexsandro Cristovão Bonatto | ../Lattes/32/49890516523340.zip
22713249758458 | Rogerio Drummond Burnier Pessoa de Mello Filho | ../Lattes/32/22713249758458.zip
83691152621834 | Renata Hax Sander Reiser | ../Lattes/32/83691152621834.zip
82714945809224 | Marcia Maria de Castro Cruz | ../Lattes/32/82714945809224.zip
72632366132727 | Joao Camargo Neto | ../Lattes/32/72632366132727.zip
72611282260295 | Ricardo Marcondes Marcacini | ../Lattes/32/72611282260295.zip
33622071831351 | Thomas Maurice LEWINER | ../Lattes/32/33622071831351.zip
78489088705449 | Joni de Almeida Amorim | ../Lattes/32/78489088705449.zip
00783363725221 | Nelson Leopoldo Braghittoni | ../Lattes/32/00783363725221.zip
86327435960311 | Bruno Sielly Jales Costa | ../Lattes/24/86327435960311.zip
48324832915432 | Marco Aurelio Benedetti Rodrigues | ../Lattes/24/48324832915432.zip
48894597139546 | Diva de Souza e Silva Rodrigues | ../Lattes/24/48894597139546.zip
48703093928632 | Debora Christina Muchaluat Saade | ../Lattes/24/48703093928632.zip
11774441919066 | Rodrigo Bruno Zanin | ../Lattes/24/11774441919066.zip
62633063143454 | Milton Yutaka Nishiyama Junior | ../Lattes/24/62633063143454.zip
54793246711823 | Alexandre Cruz Berg | ../Lattes/24/54793246711823.zip
91891766759477 | Carlos José Pereira de Lucena | ../Lattes/24/91891766759477.zip
13250851590746 | João Paulo Queiroz dos Santos | ../Lattes/24/13250851590746.zip
51093955644263 | Bernardo Copstein | ../Lattes/24/51093955644263.zip
42453549787523 | Witold Pedrycz | ../Lattes/24/42453549787523.zip
01685290370393 | Osvaldo de Souza | ../Lattes/24/01685290370393.zip
20360066008780 | Ronaldo Celso Messias Correia | ../Lattes/24/20360066008780.zip
72681535872194 | Frederico Gadelha Guimarães | ../Lattes/24/72681535872194.zip
96510550223707 | Rodrigo de Oliveira | ../Lattes/24/96510550223707.zip
73719255532612 | Carlos Henrique Netto Lahoz | ../Lattes/24/73719255532612.zip
17056565366433 | Lília de Sá Silva | ../Lattes/24/17056565366433.zip
09374959619035 | Adilson Marques da Cunha | ../Lattes/24/09374959619035.zip
62669166872670 | Carmen Lucia Tancredo Borges | ../Lattes/24/62669166872670.zip
07277993285186 | Alessandra Alaniz Macedo | ../Lattes/24/07277993285186.zip
04542754757428 | Danilo Artigas da Rocha | ../Lattes/24/04542754757428.zip
54828617188000 | Joao Cesar Netto | ../Lattes/24/54828617188000.zip
39982685319061 | Wang Jiang Chau | ../Lattes/24/39982685319061.zip
08991231058279 | Ana Paula Couto da Silva | ../Lattes/24/08991231058279.zip
23987011078680 | Davi Marcondes Rocha | ../Lattes/24/23987011078680.zip
86661464139271 | Cezar Rodolfo Wedig Reinbrecht | ../Lattes/24/86661464139271.zip
08496735598516 | Diego Marczal | ../Lattes/24/08496735598516.zip
80772416352825 | Alandey Severo Leite da Silva | ../Lattes/24/80772416352825.zip
69487264010076 | Jean-Rémi Bourguet | ../Lattes/24/69487264010076.zip
44629536409435 | Menotti Erasmo da Silva Machado | ../Lattes/24/44629536409435.zip
00282077821669 | Humberto Cícero da Fonseca Araújo | ../Lattes/24/00282077821669.zip
34970483997012 | Sandra Maria Leandro | ../Lattes/24/34970483997012.zip
25376057197383 | Valério Ramos Batista | ../Lattes/24/25376057197383.zip
98050002491677 | Luciana Ribeiro Veloso | ../Lattes/24/98050002491677.zip
61031909074992 | Luis Manuel Garcés Socarrás | ../Lattes/24/61031909074992.zip
46301582459104 | Aristófanes Corrêa Silva | ../Lattes/24/46301582459104.zip
42547278150847 | Sergio Rosim | ../Lattes/24/42547278150847.zip
17066811125103 | Ana Isabel de Azevedo Spinola Dias | ../Lattes/24/17066811125103.zip
92016128750803 | Rafael Corchuelo | ../Lattes/24/92016128750803.zip
72227303859464 | Udilma da Conceição Serrão Nascimento | ../Lattes/24/72227303859464.zip
58905211064674 | Durval Makoto Akamatu | ../Lattes/24/58905211064674.zip
48208406883740 | Dan Abensur Gandelman | ../Lattes/24/48208406883740.zip
45961443317465 | Alex Ignácio da Silva | ../Lattes/24/45961443317465.zip
69816352786812 | Franklin de Souza Ramalho | ../Lattes/24/69816352786812.zip
51178019089867 | Aqueo Kamada | ../Lattes/24/51178019089867.zip
33181779546673 | Fabrício Nogueira Corrêa | ../Lattes/24/33181779546673.zip
27091227765800 | Gláucia Braga e Silva | ../Lattes/24/27091227765800.zip
31243933941204 | Washington César Braga de Sousa | ../Lattes/24/31243933941204.zip
97294331547686 | Cláudio Leonardo Lucchesi | ../Lattes/24/97294331547686.zip
86317760569969 | Elmar Reucher | ../Lattes/24/86317760569969.zip
60021788616803 | José Eduardo Talavera Herrera | ../Lattes/24/60021788616803.zip
90233702308461 | Erico Luiz Rempel | ../Lattes/24/90233702308461.zip
59050725301964 | Luciano Vieira de Araújo | ../Lattes/24/59050725301964.zip
73326383589779 | Gottfried Vossen | ../Lattes/24/73326383589779.zip
28373422218121 | Filipe Santos | ../Lattes/24/28373422218121.zip
31332326229279 | Julio Daniel Machado Silva | ../Lattes/24/31332326229279.zip
56337352206378 | André Luiz Barreto Esperidião | ../Lattes/24/56337352206378.zip
98961747789618 | Jean Carlos Teixeira de Araujo | ../Lattes/24/98961747789618.zip
23076793452662 | Mirtha Lina Fernández Venero | ../Lattes/24/23076793452662.zip
52195499125150 | Michele Mara de Araújo Espíndula Lima | ../Lattes/24/52195499125150.zip
45165723239038 | Fábio Gonçalves Teixeira | ../Lattes/24/45165723239038.zip
81552882893652 | Ary Henrique Morais de Oliveira | ../Lattes/24/81552882893652.zip
45542891966445 | Renato José Martins | ../Lattes/24/45542891966445.zip
95918356675019 | Patricia Duarte de Lima Machado | ../Lattes/24/95918356675019.zip
42753555946120 | Clauber Gomes Bezerra | ../Lattes/24/42753555946120.zip
44517417674976 | Viviane Araujo Pernomian Bettoni | ../Lattes/24/44517417674976.zip
82014486805534 | João Coelho Neto | ../Lattes/24/82014486805534.zip
86788708871114 | Alcides Calsavara | ../Lattes/24/86788708871114.zip
17341890473612 | Carlos Eduardo Ribeiro de Mello | ../Lattes/24/17341890473612.zip
42370756511218 | Daniele Quintella Mendes Madureira | ../Lattes/24/42370756511218.zip
50562716628916 | Gerson Pastre de Oliveira | ../Lattes/24/50562716628916.zip
23716176251719 | Viviane Lucy Santos de Souza | ../Lattes/24/23716176251719.zip
84200467965399 | Vinicius Augusto Carvalho de Abreu | ../Lattes/24/84200467965399.zip
66077615273972 | Ermeson Carneiro de Andrade | ../Lattes/24/66077615273972.zip
93948511061953 | Edson Koiti Nakamura | ../Lattes/24/93948511061953.zip
21696136567994 | Clarimundo Machado Moraes Junior | ../Lattes/24/21696136567994.zip
26252396325481 | Helber Wagner da Silva | ../Lattes/24/26252396325481.zip
87859882670844 | Mauricio Capobianco Lopes | ../Lattes/24/87859882670844.zip
57219624656691 | Marcos André Gonçalves | ../Lattes/34/57219624656691.zip
74447921818504 | Leonardo Chaves Dutra da Rocha | ../Lattes/80/74447921818504.zip
90217925775424 | Teresa Cristina Neves de Pinho | ../Lattes/91/90217925775424.zip
41140064456296 | Hilda Carvalho de Oliveira | ../Lattes/91/41140064456296.zip
68856141182145 | Flávio Morgado | ../Lattes/91/68856141182145.zip
73977294178020 | Sílvio César Cazella | ../Lattes/91/73977294178020.zip
43186843657940 | Fabio Luciano Verdi | ../Lattes/91/43186843657940.zip
12415346373126 | Arilo Claudio Dias Neto | ../Lattes/91/12415346373126.zip
51881548763857 | Sheila Morais de Almeida | ../Lattes/91/51881548763857.zip
83721973235194 | Marcio Sarroglia Pinho | ../Lattes/91/83721973235194.zip
14271184052580 | Ines de Castro Dutra | ../Lattes/91/14271184052580.zip
64143184545445 | Afonso Comba de Araújo Neto | ../Lattes/91/64143184545445.zip
29748440846907 | João do Espirito Santo Batista Neto | ../Lattes/91/29748440846907.zip
33608322839843 | Mirian Picinini Méxas | ../Lattes/91/33608322839843.zip
25363765724910 | André Junqueira Xavier | ../Lattes/91/25363765724910.zip
71771876689162 | Felipe Augusto Pereira | ../Lattes/91/71771876689162.zip
62672829956114 | Ana Paula Abrantes de Castro Shiguemori | ../Lattes/91/62672829956114.zip
91097222405687 | Diogenes Salas Alves | ../Lattes/91/91097222405687.zip
79745776599946 | Vanderlei Moraes Rodrigues | ../Lattes/91/79745776599946.zip
74573815394512 | Patrícia Rufino Oliveira | ../Lattes/91/74573815394512.zip
42178397070079 | Raimunda Nonata Fortes Carvalho Neta | ../Lattes/91/42178397070079.zip
42997880269314 | Julio Cesar Salas Soto | ../Lattes/91/42997880269314.zip
15603876101389 | Denilson Laudares Rodrigues | ../Lattes/91/15603876101389.zip
93184561144914 | Ricardo Manoel dos Santos Silva | ../Lattes/91/93184561144914.zip
54267568632231 | José Alberto Fernandes Ferreira | ../Lattes/91/54267568632231.zip
56355272138298 | Missae Yamamoto | ../Lattes/91/56355272138298.zip
98649814468971 | Valdete Maria Gonçalves de Almeida | ../Lattes/91/98649814468971.zip
71815778534257 | Luiz Satoru Ochi | ../Lattes/91/71815778534257.zip
63015765116867 | Fabiana Gomes Marinho | ../Lattes/91/63015765116867.zip
25201558465155 | Edney Milhoretto | ../Lattes/91/25201558465155.zip
19893798964995 | Manuel Constantino Zunguze | ../Lattes/91/19893798964995.zip
64617752964635 | Ricardo de Almeida Falbo | ../Lattes/92/64617752964635.zip
99191716383343 | Caio Julio Cesar Siqueira | ../Lattes/92/99191716383343.zip
31104428523774 | Daniel Thomazini | ../Lattes/92/31104428523774.zip
82122165916387 | Carla Gomes de Faria | ../Lattes/92/82122165916387.zip
49940379843542 | Ana Luísa Dine Martins | ../Lattes/92/49940379843542.zip
44741653857997 | Mateus Conrad Barcellos da Costa | ../Lattes/92/44741653857997.zip
42740652420319 | João Dias de Queiroz | ../Lattes/92/42740652420319.zip
79241671098045 | Silas Franco dos Reis Alves | ../Lattes/92/79241671098045.zip
63224550858823 | Sérgio Ricardo de Melo Queiroz | ../Lattes/92/63224550858823.zip
96763269153204 | Filipe de Oliveira Costa | ../Lattes/92/96763269153204.zip
97276538202965 | José Ricardo Abalde Guede | ../Lattes/92/97276538202965.zip
07573181802953 | Lourenço Alves Pereira Júnior | ../Lattes/92/07573181802953.zip
94321476867264 | Ronan Marcelo Martins | ../Lattes/92/94321476867264.zip
46285057439215 | Alessandro La Neve | ../Lattes/92/46285057439215.zip
15336718026661 | Maria Stela Veludo de Paiva | ../Lattes/92/15336718026661.zip
52140833340424 | Karem Daiane Marcomini | ../Lattes/92/52140833340424.zip
71129283199948 | Lucas de Paula Veronese | ../Lattes/92/71129283199948.zip
74887847308980 | Raquel Cardoso de Melo Minardi | ../Lattes/92/74887847308980.zip
97419200086108 | Adriana da Costa Ferreira Chaves | ../Lattes/92/97419200086108.zip
71661838358474 | Johana María Rosas Villena | ../Lattes/92/71661838358474.zip
00464668550566 | Edmar Candeia Gurjão | ../Lattes/92/00464668550566.zip
22855062709254 | Murilo do Carmo Boratto | ../Lattes/92/22855062709254.zip
33321967548626 | Paulo Miguel Ciríaco Pinheiro Pombinho de Matos | ../Lattes/92/33321967548626.zip
42867616608986 | Julio Cesar Nievola | ../Lattes/92/42867616608986.zip
12717777478548 | Eduardo Masato Iyoda | ../Lattes/92/12717777478548.zip
93985438207195 | Maria Aparecida Martins Souto | ../Lattes/92/93985438207195.zip
81736089055094 | Gabriel de Oliveira Ramos | ../Lattes/92/81736089055094.zip
47643103534731 | Sonia Schechtman Sette | ../Lattes/92/47643103534731.zip
38482905472474 | Ives Renê Venturini Pola | ../Lattes/92/38482905472474.zip
16143114302065 | Patrícia Conceição da Cunha | ../Lattes/92/16143114302065.zip
78422103738680 | Jefferson de Barros Santos | ../Lattes/92/78422103738680.zip
69969329502715 | Fabrício Vivas Andrade | ../Lattes/92/69969329502715.zip
29454955533353 | Paulo Eduardo e Silva Barbosa | ../Lattes/92/29454955533353.zip
27678599102832 | Gonzalo Travieso | ../Lattes/92/27678599102832.zip
81027127027716 | Thiago Jabur Bittar | ../Lattes/92/81027127027716.zip
57650962986363 | José Roberto Pinto da Silva | ../Lattes/92/57650962986363.zip
92606169704319 | Mariana de Lima Isaac Leandro Campos | ../Lattes/92/92606169704319.zip
30053765753126 | William Voorsluys | ../Lattes/92/30053765753126.zip
64631961026762 | Vincent Olivier Jean-Marie Noel | ../Lattes/92/64631961026762.zip
83304583756076 | Ronaldo Fumio Hashimoto | ../Lattes/92/83304583756076.zip
39983857227338 | Armando Vieira | ../Lattes/92/39983857227338.zip
93798825143859 | Antonio Eduardo de Albuquerque Junior | ../Lattes/92/93798825143859.zip
80672702167595 | Delcino Picinin Júnior | ../Lattes/92/80672702167595.zip
45122165772401 | Carlos Vinícius Gomes Costa Lima | ../Lattes/92/45122165772401.zip
85740086584040 | Carolina Howard Felicíssimo | ../Lattes/92/85740086584040.zip
22328149519812 | Carlos Rafael García Hernández | ../Lattes/92/22328149519812.zip
87868588025316 | Lauro Ivo Beltrão Colaço Costa | ../Lattes/92/87868588025316.zip
22565820639401 | César Rennó Costa | ../Lattes/92/22565820639401.zip
17378047217370 | Daniela Barreiro Claro | ../Lattes/92/17378047217370.zip
84563343635061 | João Benedito dos Santos Junior | ../Lattes/92/84563343635061.zip
32792979341504 | Renata de Freitas Gois | ../Lattes/92/32792979341504.zip
82046098909851 | Antonio Carlos GAY THOMÉ | ../Lattes/92/82046098909851.zip
03454048400403 | Amarisio da Silva Araujo | ../Lattes/92/03454048400403.zip
00407142759345 | Felipe Antonio Chegury Viana | ../Lattes/92/00407142759345.zip
24206298929486 | Hugo Daniel dos Santos Macedo | ../Lattes/92/24206298929486.zip
62132256691648 | Vinícius Menezes de Oliveira | ../Lattes/92/62132256691648.zip
54411560035845 | Ivan Dionysio Aronne | ../Lattes/92/54411560035845.zip
84531339856547 | Carlos Eduardo Ferreira | ../Lattes/92/84531339856547.zip
77210431367211 | Camilla Mayara Reis Fontes | ../Lattes/92/77210431367211.zip
86255260870981 | Thiago Barros Rodrigues Costa | ../Lattes/92/86255260870981.zip
16667076590785 | Dyson Pereira Junior | ../Lattes/92/16667076590785.zip
33400789166697 | André Ippolito | ../Lattes/92/33400789166697.zip
61815300495416 | Daniele Aparecida Santos Alvarenga | ../Lattes/92/61815300495416.zip
92074694141921 | Cristina Melchiors | ../Lattes/92/92074694141921.zip
22298713123038 | Marcio Leal de Melo Dahia | ../Lattes/92/22298713123038.zip
49864079237282 | Jeffer Eidi Sasaki | ../Lattes/92/49864079237282.zip
37788190989316 | Claudio Esperança | ../Lattes/92/37788190989316.zip
62228584082064 | Rafael Vidal Aroca | ../Lattes/92/62228584082064.zip
49088840488738 | Alonso Joaquin Juvinao Carbonó | ../Lattes/92/49088840488738.zip
24426261471914 | Roberto de Alencar Lotufo | ../Lattes/92/24426261471914.zip
70620210307470 | Eduardo Telmo Fonseca Santos | ../Lattes/92/70620210307470.zip
10948487379364 | David Baião Nemer | ../Lattes/92/10948487379364.zip
09209109518275 | Victor George Celinski | ../Lattes/93/09209109518275.zip
06247333111421 | Alexandre Beletti Ferreira | ../Lattes/93/06247333111421.zip
89487015938509 | Erika Morais Martins Coelho | ../Lattes/93/89487015938509.zip
95192779202995 | Pedro Henrique Del Bianco Hokama | ../Lattes/93/95192779202995.zip
19101798473279 | Marilia Abrahão Amaral | ../Lattes/93/19101798473279.zip
78258073324535 | Cicilia Raquel Maia Leite | ../Lattes/93/78258073324535.zip
46101777125728 | Cristina Ribeiro | ../Lattes/93/46101777125728.zip
48341155745065 | Ian Nascimento Vieira | ../Lattes/93/48341155745065.zip
83290036853173 | Marco Aurélio Graciotto Silva | ../Lattes/93/83290036853173.zip
05955394665920 | Vinícius Fernandes Soares Mota | ../Lattes/93/05955394665920.zip
21196983141007 | Márcia Rodrigues Notare | ../Lattes/93/21196983141007.zip
00936571715992 | Márcio de Medeiros Ribeiro | ../Lattes/93/00936571715992.zip
46178640224901 | Luciene Cavalcanti Rodrigues | ../Lattes/93/46178640224901.zip
47760158370905 | José Fernando Rodrigues Júnior | ../Lattes/93/47760158370905.zip
79278057044920 | Donia Scott | ../Lattes/93/79278057044920.zip
45745741402807 | Ricardo Colomo-Palacios | ../Lattes/93/45745741402807.zip
15061250821953 | Silvio Carvalho Neto | ../Lattes/93/15061250821953.zip
00962438570183 | Luciano Frontino de Medeiros | ../Lattes/93/00962438570183.zip
70598301347911 | Roberto Antonio Molina Sepúlveda | ../Lattes/93/70598301347911.zip
64778355070341 | José Gomes Neto | ../Lattes/93/64778355070341.zip
88430460339927 | Erwin Doescher | ../Lattes/93/88430460339927.zip
42328333913115 | Jobson Luiz Massollar da Silva | ../Lattes/93/42328333913115.zip
59546788802277 | Emanuel Ferreira Coutinho | ../Lattes/93/59546788802277.zip
96708253007179 | Miguel Rodrigues Fornari | ../Lattes/93/96708253007179.zip
95715443254344 | Paulo Henrique Monteiro Borba | ../Lattes/93/95715443254344.zip
40343036686762 | Rudimar Luís Scaranto Dazzi | ../Lattes/93/40343036686762.zip
59414400595473 | Jeroniza Nunes Marchaukoski | ../Lattes/93/59414400595473.zip
85561556243194 | Vinicius Ponte Machado | ../Lattes/93/85561556243194.zip
05519410031191 | Rodrigo Pasti | ../Lattes/93/05519410031191.zip
89166627228023 | Aldenor Falcao Martins | ../Lattes/93/89166627228023.zip
09472123118053 | Lorena Rodrigues da Silva | ../Lattes/93/09472123118053.zip
96421527457172 | Fernando Antonio de Castro Giorno | ../Lattes/93/96421527457172.zip
50793734509585 | Alvaro Rodrigues Pereira Junior | ../Lattes/93/50793734509585.zip
03862586856474 | Alex Jesús Cuadros-Vargas | ../Lattes/93/03862586856474.zip
67680247741161 | Gisane Aparecida Michelon | ../Lattes/93/67680247741161.zip
17869378701106 | Jose Reinaldo Silva | ../Lattes/93/17869378701106.zip
14029648579658 | Lúcia Maria de Assumpção Drummond | ../Lattes/93/14029648579658.zip
43261628675642 | André Leon Sampaio Gradvohl | ../Lattes/93/43261628675642.zip
97394501414524 | Zamith França Neto | ../Lattes/93/97394501414524.zip
34674406341967 | Gills Vilar Lopes | ../Lattes/93/34674406341967.zip
00932092320905 | Hugo Bertete-Aguirre | ../Lattes/93/00932092320905.zip
47294951660937 | Claudivan Cruz Lopes | ../Lattes/93/47294951660937.zip
36476631318244 | Felipe Werndl Trevizan | ../Lattes/93/36476631318244.zip
66522628827235 | Lelis Tetsuo Murakami | ../Lattes/93/66522628827235.zip
42041276186254 | Francisco Chagas de Lima Júnior | ../Lattes/93/42041276186254.zip
58511568098561 | Edmundo Albuquerque de Souza e Silva | ../Lattes/93/58511568098561.zip
12257871710056 | Ana Carolina Espirito Santo Lima | ../Lattes/93/12257871710056.zip
74460427113373 | Marcelo Lobosco | ../Lattes/93/74460427113373.zip
05196015266298 | Ricardo Guerra Marroquim | ../Lattes/93/05196015266298.zip
62573782715504 | Cleviton Vinicius Fonsêca Monteiro | ../Lattes/93/62573782715504.zip
80496959264598 | Eudisley Gomes dos Anjos | ../Lattes/93/80496959264598.zip
02820313262296 | Lauro Didier Lins | ../Lattes/93/02820313262296.zip
13245601695093 | Rafael Bohrer Ávila | ../Lattes/93/13245601695093.zip
31509602982993 | Marlon da Silva | ../Lattes/93/31509602982993.zip
31970387569370 | Altemar Sales de Oliveira | ../Lattes/93/31970387569370.zip
43723106084822 | Wallace Anacleto Pinheiro | ../Lattes/93/43723106084822.zip
37143918677200 | Thais Helena Chaves de Castro | ../Lattes/93/37143918677200.zip
91740966673420 | Marisa Emika Morita | ../Lattes/93/91740966673420.zip
93004066976712 | Paulo Eduardo Potyguara Coutinho Marques | ../Lattes/93/93004066976712.zip
27172099343164 | Eduarda Simões Veloso Freire | ../Lattes/93/27172099343164.zip
04174181930855 | Gregorio Malajovich Munoz | ../Lattes/93/04174181930855.zip
85509211797941 | Amanda Castro Oliveira | ../Lattes/93/85509211797941.zip
82398304109241 | Maria Helena Lima Baptista Braz | ../Lattes/93/82398304109241.zip
63905929371318 | Diogo Santana Martins | ../Lattes/93/63905929371318.zip
14020351211705 | Aydano Pamponet Machado | ../Lattes/93/14020351211705.zip
86531289414122 | Julia Celia Mercedes Strauch | ../Lattes/93/86531289414122.zip
55188929387652 | Alexandre Henrique Lopes Porto | ../Lattes/93/55188929387652.zip
20779880789292 | Josef Spillner | ../Lattes/93/20779880789292.zip
98810362952245 | Itana Maria de Souza Gimenes | ../Lattes/93/98810362952245.zip
80734844890096 | Ettore Apolonio de Barros | ../Lattes/93/80734844890096.zip
65528960977387 | Vinicius Miana Bezerra | ../Lattes/93/65528960977387.zip
92051195531917 | Elisangela Morais Fernandes | ../Lattes/93/92051195531917.zip
05734086450484 | Edizaura de Araujo Alves | ../Lattes/93/05734086450484.zip
04528672959274 | Ricardo Tavares de Oliveira | ../Lattes/93/04528672959274.zip
38571368743807 | Vilar Ribeiro de Figueiredo | ../Lattes/93/38571368743807.zip
15942852703635 | Fabio Nemetz | ../Lattes/93/15942852703635.zip
55339989087222 | Maria Célia Furtado Rocha | ../Lattes/93/55339989087222.zip
48079570604284 | Josiane Melchiori Pinheiro | ../Lattes/93/48079570604284.zip
28827862496361 | Soledad Espezúa Llerena | ../Lattes/93/28827862496361.zip
36876673192992 | Anna Rachel Ribeiro Cabral de Rezende | ../Lattes/93/36876673192992.zip
14744999783676 | Horacio Antonio Braga Fernandes de Oliveira | ../Lattes/93/14744999783676.zip
51161055016934 | Harlen Costa Batagelo | ../Lattes/94/51161055016934.zip
39416101626260 | Giseli Rabello Lopes | ../Lattes/94/39416101626260.zip
89191035734025 | Sergio Assuncao Monteiro | ../Lattes/94/89191035734025.zip
84193247971170 | Bernardo José da Silva Estácio | ../Lattes/94/84193247971170.zip
90140425711272 | Rafael Ramos dos Santos | ../Lattes/94/90140425711272.zip
18849740691899 | Lucas de Souza Batista | ../Lattes/94/18849740691899.zip
94944933209872 | Eliseu Castelo Branco Junior | ../Lattes/94/94944933209872.zip
37658571527896 | André Aroldo Freitas de Moura | ../Lattes/94/37658571527896.zip
05844293925084 | Elias Teodoro da Silva Júnior | ../Lattes/94/05844293925084.zip
81958972690597 | Bruno Siqueira Campos Mendonça Vilar | ../Lattes/94/81958972690597.zip
50723382257018 | Pedro Henrique Cacique Braga | ../Lattes/94/50723382257018.zip
74184753107897 | Camilo Sánchez Ferreira | ../Lattes/94/74184753107897.zip
88425746612961 | Luiz Augusto Matos de Amorim | ../Lattes/94/88425746612961.zip
38219886705967 | Douglas de Oliveira Cardoso | ../Lattes/94/38219886705967.zip
72775611424014 | Lauro Eduardo Kozovits | ../Lattes/94/72775611424014.zip
49361976082673 | Lorenza Leão Oliveira Moreno | ../Lattes/94/49361976082673.zip
04102466046730 | Joao Eduardo Machado Perea Martins | ../Lattes/94/04102466046730.zip
33123288261141 | Orlando Gomes Loques Filho | ../Lattes/94/33123288261141.zip
80661061153729 | Alexandra da Costa Pinto de Aguiar | ../Lattes/94/80661061153729.zip
46820568189181 | Felipe Afonso de Almeida | ../Lattes/94/46820568189181.zip
11757525231574 | Wu Feng Chung | ../Lattes/94/11757525231574.zip
02272133670888 | Maurício Pamplona Segundo | ../Lattes/94/02272133670888.zip
49437915418534 | Bruno Oliveira Silvestre | ../Lattes/94/49437915418534.zip
27896861246420 | Walmar Baptista | ../Lattes/94/27896861246420.zip
31229866203038 | Vania Maria Ponte Vidal | ../Lattes/94/31229866203038.zip
17442026041022 | Jose Roberto Frega | ../Lattes/94/17442026041022.zip
58496222461501 | Sabrina dos Santos Marczak | ../Lattes/94/58496222461501.zip
72402814099977 | Claudio Nogas | ../Lattes/94/72402814099977.zip
40014280856629 | Ricardo de Andrade Araújo | ../Lattes/94/40014280856629.zip
45156432851160 | Lilian Contin | ../Lattes/94/45156432851160.zip
66135849011391 | Hugo Feitosa de Figueirêdo | ../Lattes/94/66135849011391.zip
09242237064329 | Rafael Morgado Silva | ../Lattes/94/09242237064329.zip
70230313329569 | Maria Helena de Lima | ../Lattes/94/70230313329569.zip
29302861177476 | Antonio Otavio Fernandes | ../Lattes/94/29302861177476.zip
24108925892058 | Gianluca Rizzo | ../Lattes/94/24108925892058.zip
51394084361809 | Luciana Andreia Fondazzi Martimiano | ../Lattes/94/51394084361809.zip
81210393304645 | Flavio Vinicius Diniz de Figueiredo | ../Lattes/94/81210393304645.zip
28400084088447 | Fauzi de Moraes Shubeita | ../Lattes/94/28400084088447.zip
56860386065509 | Luis Gonzaga Sales Vasconcelos | ../Lattes/94/56860386065509.zip
10982447174543 | Claudia Regina Batista | ../Lattes/94/10982447174543.zip
39858291700830 | Angelo Perkusich | ../Lattes/94/39858291700830.zip
11293540915384 | Damires Yluska de Souza Fernandes | ../Lattes/94/11293540915384.zip
44112594388983 | Fágner Lemos de Santana | ../Lattes/94/44112594388983.zip
11400439288461 | Mauricio Kischinhevsky | ../Lattes/94/11400439288461.zip
40662113698245 | Douglas de Lima Feitosa | ../Lattes/94/40662113698245.zip
19511238159370 | Marcio Faerman | ../Lattes/94/19511238159370.zip
98625163843178 | Cassiano Carromeu | ../Lattes/94/98625163843178.zip
82034617973689 | Isaac Maia Pessoa | ../Lattes/94/82034617973689.zip
94547175507487 | Eugenio Kahn Epprecht | ../Lattes/94/94547175507487.zip
42062791817279 | Julio César Cahuano Simba | ../Lattes/94/42062791817279.zip
34940850760234 | Adhemar Maria do Valle Filho | ../Lattes/94/34940850760234.zip
13052240755786 | José Maria Parente de Oliveira | ../Lattes/94/13052240755786.zip
59164946061213 | Egidio Loch Terra | ../Lattes/94/59164946061213.zip
66647089194388 | José Torres | ../Lattes/94/66647089194388.zip
62873740250320 | Adalberto Cajueiro de Farias | ../Lattes/94/62873740250320.zip
63431820526353 | Diego Resende Faria | ../Lattes/94/63431820526353.zip
14212573217453 | Graçaliz Pereira Dimuro | ../Lattes/94/14212573217453.zip
34183029370265 | Paulo Barreto Cachim | ../Lattes/94/34183029370265.zip
90410798668023 | Roseli de Deus Lopes | ../Lattes/94/90410798668023.zip
91033611706611 | Gustavo Girão Barreto da Silva | ../Lattes/94/91033611706611.zip
56731041390369 | Tatuo Nakanishi | ../Lattes/94/56731041390369.zip
76503676818501 | Davy Monticolo | ../Lattes/94/76503676818501.zip
26650405097319 | João Porto de Albuquerque | ../Lattes/94/26650405097319.zip
20938177263368 | Valnir Ferreira Jr | ../Lattes/94/20938177263368.zip
64964726169960 | Sílvio Luís Rafaeli Neto | ../Lattes/94/64964726169960.zip
53957727858258 | David Alvarez Martinez | ../Lattes/94/53957727858258.zip
76240387217710 | Solange da Fonseca Rutz | ../Lattes/94/76240387217710.zip
37251245138635 | Bruno Ferreira | ../Lattes/94/37251245138635.zip
28610534584200 | Carla Bernadete Madureira Cruz | ../Lattes/95/28610534584200.zip
88130677160311 | Licinius Dimitri Sá de Alcantara | ../Lattes/95/88130677160311.zip
46187879719254 | Augusto César Lacerda de Oliveira | ../Lattes/95/46187879719254.zip
61812825173697 | David Braga Fernandes de Oliveira | ../Lattes/95/61812825173697.zip
47386076944233 | Alexandre Toman | ../Lattes/95/47386076944233.zip
78832375902806 | Luciano Silva | ../Lattes/95/78832375902806.zip
83494426252906 | Reny Cury Filho | ../Lattes/95/83494426252906.zip
55375472255776 | João Baptista da SIlva Araujo Junior | ../Lattes/95/55375472255776.zip
58310314854271 | Alan Salvany Felinto | ../Lattes/95/58310314854271.zip
47787322543741 | Auto Tavares da Câmara Júnior | ../Lattes/95/47787322543741.zip
82755594379866 | Danúbia Bueno Espíndola | ../Lattes/95/82755594379866.zip
63527195061977 | Marx Leles Viana | ../Lattes/95/63527195061977.zip
27216328718649 | Regis Cortez Bueno | ../Lattes/95/27216328718649.zip
37835931283961 | Ellen Hidemi Fukuda | ../Lattes/95/37835931283961.zip
75037824966283 | Davidson Cury | ../Lattes/95/75037824966283.zip
47378691159321 | Ana Maria Bencciveni Franzoni | ../Lattes/95/47378691159321.zip
42244235130352 | Stéfano Drimon Kurz Mór | ../Lattes/95/42244235130352.zip
40361290002928 | Josemeire Machado Dias | ../Lattes/95/40361290002928.zip
81301411261992 | Liliane Sheyla da Silva Fonseca | ../Lattes/95/81301411261992.zip
56738277476279 | Pedro Paulo Balbi de Oliveira | ../Lattes/95/56738277476279.zip
42060709478641 | André Luiz Johann | ../Lattes/95/42060709478641.zip
43740522912391 | Fabio Oliveira Teixeira | ../Lattes/95/43740522912391.zip
26809466920084 | Umberto Souza da Costa | ../Lattes/95/26809466920084.zip
27427456454693 | Daniel Nehme Müller | ../Lattes/95/27427456454693.zip
20477461031645 | Eduardo Henrique da Silva Aranha | ../Lattes/95/20477461031645.zip
34114084314771 | João Carlos Néto | ../Lattes/95/34114084314771.zip
35063869301293 | Katia Livia Zambon | ../Lattes/95/35063869301293.zip
00245604678806 | Luiz Carlos Pacheco Rodrigues Velho | ../Lattes/95/00245604678806.zip
76713124661835 | Rossana Maria de Castro Andrade | ../Lattes/95/76713124661835.zip
74752711042482 | Artur Alves Pessoa | ../Lattes/95/74752711042482.zip
03735014198416 | Rafael Barbosa Nasser | ../Lattes/95/03735014198416.zip
12641421866405 | Brett Kessler | ../Lattes/95/12641421866405.zip
28175326712747 | Ana Paula Dalla Corte | ../Lattes/95/28175326712747.zip
32091674793623 | Avelino Forechi Silva | ../Lattes/95/32091674793623.zip
49706714935542 | Otávio Augusto Salgado Carpinteiro | ../Lattes/95/49706714935542.zip
90398895954821 | Danilo Barbosa Coimbra | ../Lattes/95/90398895954821.zip
48186939653024 | Rosalvo Ferreira de Oliveira Neto | ../Lattes/95/48186939653024.zip
17893686066259 | Claudio Luiz Marte | ../Lattes/95/17893686066259.zip
71448750638016 | José Lassance de Castro Silva | ../Lattes/95/71448750638016.zip
18826460386938 | Sandra Sayuri Yamashita Nakagawa | ../Lattes/95/18826460386938.zip
04014101346466 | Patrick Herve LOUODOP FOTSO | ../Lattes/95/04014101346466.zip
27331486059325 | Carlos Andre Reis Pinheiro | ../Lattes/95/27331486059325.zip
52304602793393 | Maria de Nazare Lima Menezes | ../Lattes/95/52304602793393.zip
36239582726234 | Eder Daniel Corvalão | ../Lattes/95/36239582726234.zip
91256136167135 | Julio Cesar Duarte | ../Lattes/95/91256136167135.zip
27703535038351 | Pierre Soares Brandão | ../Lattes/95/27703535038351.zip
03005394284079 | Ludmila Santos de Andrade | ../Lattes/95/03005394284079.zip
40472751590233 | Marília Guterres Ferreira | ../Lattes/95/40472751590233.zip
39013107055965 | Tamara Angélica Baldo | ../Lattes/95/39013107055965.zip
22811596351113 | Eliana Pantaleão | ../Lattes/95/22811596351113.zip
68338246493587 | Thiago Henrique Silva | ../Lattes/95/68338246493587.zip
53853568740488 | Tatiane da Silva Evangelista | ../Lattes/95/53853568740488.zip
35553788407393 | Alberto Jose Centeno | ../Lattes/95/35553788407393.zip
21600706234665 | Luciano Demetrio Santos Pacifico | ../Lattes/95/21600706234665.zip
10107326401223 | Horacio Andrés Legal Ayala | ../Lattes/95/10107326401223.zip
98457318220683 | Fellipe Araújo Aleixo | ../Lattes/95/98457318220683.zip
54213805648196 | Rodrigo Gusmão Cavalcante | ../Lattes/95/54213805648196.zip
38024465319850 | Liria Matsumoto Sato | ../Lattes/95/38024465319850.zip
42652459983690 | Ana Lucia de Queiroz Tourinho | ../Lattes/95/42652459983690.zip
28724781992289 | Lucas Palma Perez Braga | ../Lattes/95/28724781992289.zip
87565395676379 | Sylvie Marie Oliffson Kamphorst Leal da Silva | ../Lattes/95/87565395676379.zip
90924280263690 | Eloiza Helena Sonoda | ../Lattes/95/90924280263690.zip
77968726800970 | Autimio Batista Guimarães Filho | ../Lattes/95/77968726800970.zip
13338508452376 | Claudio Eduardo Goes | ../Lattes/95/13338508452376.zip
23713489234437 | Osmam Brás de Souto | ../Lattes/95/23713489234437.zip
97462864529600 | Ethan Vincent Munson | ../Lattes/95/97462864529600.zip
43381327678794 | Giuliano César de Macedo Jordão | ../Lattes/95/43381327678794.zip
21048027527880 | Diogo de Carvalho Pedrosa | ../Lattes/95/21048027527880.zip
49150456823214 | David Fernandes Cruz Moura | ../Lattes/95/49150456823214.zip
57430816980276 | Raul César Baptista Martins | ../Lattes/95/57430816980276.zip
47879715158363 | Eliana Beatriz Pereira | ../Lattes/95/47879715158363.zip
12727054882927 | Carlos Frederico Marcelo da Cunha Cavalcanti | ../Lattes/95/12727054882927.zip
74943370988109 | Paulo Cristiano de Oliveira | ../Lattes/95/74943370988109.zip
65573769458337 | Alexander Javier Benavides Rojas | ../Lattes/95/65573769458337.zip
69001908176713 | Jaci Carlo Schramm Câmara Bastos | ../Lattes/95/69001908176713.zip
98740010436330 | Luis Mariano Peñaranda | ../Lattes/95/98740010436330.zip
40431483125724 | Cesar Augusto Comerlato | ../Lattes/95/40431483125724.zip
64155797807373 | Roger Resmini | ../Lattes/95/64155797807373.zip
18066104187044 | Miriam Maria Pedrosa | ../Lattes/95/18066104187044.zip
00140904712115 | Hélio Pedrini | ../Lattes/96/00140904712115.zip
26455179452726 | Ricardo Reghelin | ../Lattes/96/26455179452726.zip
93649745603984 | Jonas Bulegon Gassen | ../Lattes/96/93649745603984.zip
14304238454186 | Claudio Roberto Marquetto Mauricio | ../Lattes/96/14304238454186.zip
91074016850705 | Ricardo José Rocha Amorim | ../Lattes/96/91074016850705.zip
16611272494244 | Armando de Oliveira Fortuna | ../Lattes/96/16611272494244.zip
32527229517196 | Sérgio Roberto Pereira da Silva | ../Lattes/96/32527229517196.zip
59548181659660 | Marcelo da Mota Lopes | ../Lattes/96/59548181659660.zip
71212401003657 | Eurico Mesquita Noleto Filho | ../Lattes/96/71212401003657.zip
30496463864194 | Alexandre Rômolo Moreira Feitosa | ../Lattes/96/30496463864194.zip
60787984906489 | Guilherme Montez Guindani | ../Lattes/96/60787984906489.zip
77029002997391 | Edmar Peres Coelho da Nóbrega | ../Lattes/96/77029002997391.zip
81539186362272 | Paulo Cesar Costa dos Santos | ../Lattes/96/81539186362272.zip
08549914522813 | Daniel Cukier | ../Lattes/96/08549914522813.zip
76459879184623 | Lalinka de Campos Teixeira Gomes | ../Lattes/96/76459879184623.zip
14903174867724 | Vinicíus Masquetti da Conceição | ../Lattes/96/14903174867724.zip
15041048900531 | Fabiola Guerra Nakamura | ../Lattes/96/15041048900531.zip
02002760041175 | Ronaldo Ribeiro Goldschmidt | ../Lattes/96/02002760041175.zip
93173807382512 | Eduardo Setton Sampaio da Silveira | ../Lattes/96/93173807382512.zip
87737255204421 | Joceli Mayer | ../Lattes/96/87737255204421.zip
77789784101866 | Luis Paulo Barbour Scott | ../Lattes/96/77789784101866.zip
36292503407536 | Dilma Menezes da Silva | ../Lattes/96/36292503407536.zip
96622060921404 | Igor Carboni Oliveira | ../Lattes/96/96622060921404.zip
35928557507243 | Marco Antônio Piteri | ../Lattes/96/35928557507243.zip
52795853110845 | Maria das Neves Queiroz de Macedo | ../Lattes/96/52795853110845.zip
11319880398064 | Gabriela  Oliveira | ../Lattes/96/11319880398064.zip
10578797081426 | Alessandro Brawerman | ../Lattes/96/10578797081426.zip
13696996147174 | Márcio Renê Brandão Soussa | ../Lattes/96/13696996147174.zip
13846902868406 | Eliana Silva de Almeida | ../Lattes/96/13846902868406.zip
07893393011964 | Reinaldo Silveira | ../Lattes/96/07893393011964.zip
74541381385819 | André Carlos Ponce de Leon Ferreira de Carvalho | ../Lattes/96/74541381385819.zip
71600615319105 | Rener Pereira de Castro | ../Lattes/96/71600615319105.zip
35852603546286 | João José de Assis Rangel | ../Lattes/96/35852603546286.zip
37121030877187 | Cristiano André da Costa | ../Lattes/96/37121030877187.zip
03136866152813 | Gustavo Henrique Porto de Carvalho | ../Lattes/96/03136866152813.zip
10675877500249 | Otto Moura Machado Filho | ../Lattes/96/10675877500249.zip
03637170218191 | Aurelio Flavio Charao | ../Lattes/96/03637170218191.zip
94913289710255 | Lana Zanetti Tavares | ../Lattes/96/94913289710255.zip
50632782323460 | Antonio Marcos Duarte Júnior | ../Lattes/96/50632782323460.zip
04735363839730 | Luciano Volcan Agostini | ../Lattes/96/04735363839730.zip
41784472463009 | Anubis Graciela de Moraes Rossetto | ../Lattes/96/41784472463009.zip
08745295055081 | Carlos Cesar Laufer | ../Lattes/96/08745295055081.zip
42031769846939 | Cristina Ururahy da Fontoura Cerqueira | ../Lattes/96/42031769846939.zip
17426891201208 | Fabio Antero Pires | ../Lattes/96/17426891201208.zip
53085663808537 | Matheus Nohra Haddad | ../Lattes/96/53085663808537.zip
89426913429075 | Mário Ezequiel Augusto | ../Lattes/96/89426913429075.zip
99884561814969 | Hilder André Bezerra Farias | ../Lattes/96/99884561814969.zip
60588093524652 | Maria de Fátima Ramos Brandão | ../Lattes/96/60588093524652.zip
88352609644792 | Max Santana Rolemberg Farias | ../Lattes/96/88352609644792.zip
09093648969882 | Renan Oliveira da Cunha | ../Lattes/96/09093648969882.zip
82325877004588 | Diógenes Cecilio da Silva Jr | ../Lattes/96/82325877004588.zip
25195382275378 | Antonio Cesar Germano Martins | ../Lattes/96/25195382275378.zip
13876404612535 | Antonio Carlos Duarte Ricciotti | ../Lattes/96/13876404612535.zip
27675808739540 | Carlo Emmanoel Tolla de Oliveira | ../Lattes/96/27675808739540.zip
54315760977270 | Fernando Henrique e Paula da Luz | ../Lattes/96/54315760977270.zip
43288630627305 | Eugênia Cristina Müller Giancoli Jabour | ../Lattes/96/43288630627305.zip
86087091192989 | Ruiter Braga Caldas | ../Lattes/96/86087091192989.zip
76571743427855 | Fabricio Lira Figueiredo | ../Lattes/96/76571743427855.zip
13023129913069 | Juliano Coelho Miranda | ../Lattes/96/13023129913069.zip
24366793874639 | Jorge Augusto Meira | ../Lattes/96/24366793874639.zip
43832301145928 | Michael da Costa Móra | ../Lattes/96/43832301145928.zip
02631714365328 | Jonas Gomes Filho | ../Lattes/96/02631714365328.zip
85105523403883 | Murilo Cardoso de Castro | ../Lattes/96/85105523403883.zip
40606649282934 | Ana Paula Gonçalves Serra | ../Lattes/96/40606649282934.zip
87424674862577 | Luis Hideo Vasconcelos Nakamura | ../Lattes/96/87424674862577.zip
69955733350604 | Anja Pratschke | ../Lattes/96/69955733350604.zip
94011056981270 | Mark Horowitz | ../Lattes/96/94011056981270.zip
04696592563769 | Altair Olivo Santin | ../Lattes/96/04696592563769.zip
57189401781987 | François Coallier | ../Lattes/96/57189401781987.zip
15414576652583 | Sergio Kostin | ../Lattes/97/15414576652583.zip
42782503967999 | Tatiana Escovedo | ../Lattes/97/42782503967999.zip
86847819001035 | Ednaldo José Ferreira | ../Lattes/97/86847819001035.zip
01118060172379 | Andréa de Paiva Gonçalves | ../Lattes/97/01118060172379.zip
16270626654261 | Francisco Petrônio Alencar de Medeiros | ../Lattes/97/16270626654261.zip
32945233432684 | Reynier Hernández Torres | ../Lattes/97/32945233432684.zip
97765383828505 | Carlos Alberto Moreno Barbosa | ../Lattes/97/97765383828505.zip
12057162222116 | Walter Ruben Iriondo Otero | ../Lattes/97/12057162222116.zip
56167788721062 | Nelson Cruz Sampaio Neto | ../Lattes/97/56167788721062.zip
63065820419680 | Marcos Augusto Menezes Vieira | ../Lattes/97/63065820419680.zip
11458806537640 | Gisele Azevedo de Araújo Freitas | ../Lattes/97/11458806537640.zip
37950062156293 | Ingrid Eleonora Schreiber Jansch Porto | ../Lattes/97/37950062156293.zip
56519770203870 | Ricardo Godoi Vieira | ../Lattes/97/56519770203870.zip
58845584752449 | Adriana Carla Damasceno | ../Lattes/97/58845584752449.zip
71509023843808 | Sergio Fernandes Alves | ../Lattes/97/71509023843808.zip
18310095451027 | Milton Ramos Ramirez | ../Lattes/97/18310095451027.zip
04244005565900 | Cristiane Maria Sato | ../Lattes/97/04244005565900.zip
87560452386084 | Vinicius Tavares Petrucci | ../Lattes/97/87560452386084.zip
10191250249479 | Boris Krajnc Alves | ../Lattes/97/10191250249479.zip
81770701701292 | Oscar Porto | ../Lattes/97/81770701701292.zip
27123750824948 | Nádia Puchalski Kozievitch | ../Lattes/97/27123750824948.zip
33090611396955 | Tania Mezzadri Centeno | ../Lattes/97/33090611396955.zip
56128301689917 | Juliana Rocha de Faria Silva | ../Lattes/97/56128301689917.zip
38704704763672 | Alessandro Santiago dos Santos | ../Lattes/97/38704704763672.zip
19755083840930 | Daniella Rodrigues Bezerra | ../Lattes/97/19755083840930.zip
91191849907914 | Aritanan Borges Garcia Gruber | ../Lattes/97/91191849907914.zip
29823212064339 | Maria Lucia Arraes Seixas | ../Lattes/97/29823212064339.zip
18037150071210 | Beatriz Wilges | ../Lattes/97/18037150071210.zip
28512810367447 | Sandra Maria Castro | ../Lattes/97/28512810367447.zip
17162806272374 | Walison Joel Barberá Alves | ../Lattes/97/17162806272374.zip
45845064013172 | José Alfredo Ferreira Costa | ../Lattes/97/45845064013172.zip
16092379282146 | Ricardo Felipe Custodio | ../Lattes/97/16092379282146.zip
05324888671994 | Marcelo Henrique Bottas Sant'Anna | ../Lattes/97/05324888671994.zip
30173267538498 | Joao da Silva Dias | ../Lattes/97/30173267538498.zip
22612257818611 | Eugênio Akihiro Nassu | ../Lattes/97/22612257818611.zip
04524780307293 | Rodrigo Alves Costa | ../Lattes/97/04524780307293.zip
70406908381251 | Claudio Luis de Amorim | ../Lattes/97/70406908381251.zip
18829008117436 | Claudio Luis de Amorim | ../Lattes/97/18829008117436.zip
30254173461923 | Juliana Dantas Ribeiro Viana de Medeiros | ../Lattes/97/30254173461923.zip
76112478293682 | Thiago Reis da Silva | ../Lattes/97/76112478293682.zip
82478806585906 | Luis Fernando Orleans | ../Lattes/97/82478806585906.zip
19247117370600 | Claudia Maria Lima Werner | ../Lattes/97/19247117370600.zip
09169646491980 | Milena Almeida Leite Brandão | ../Lattes/97/09169646491980.zip
35840741771843 | César Augusto Otero Vaghetti | ../Lattes/97/35840741771843.zip
08170720235414 | Ailton Fernando Dias | ../Lattes/97/08170720235414.zip
00724855197079 | Eliane Cristina de Freitas Rocha | ../Lattes/97/00724855197079.zip
56332567508473 | Javier Pereira | ../Lattes/97/56332567508473.zip
86031456414093 | Francisco José da Silva Borges de Santana | ../Lattes/97/86031456414093.zip
97902044954511 | Paulo Rech Wagner | ../Lattes/97/97902044954511.zip
76294836529326 | Jorge Carlos Valverde Rebaza | ../Lattes/97/76294836529326.zip
90693300026949 | José Maria da Silva Monteiro Filho | ../Lattes/97/90693300026949.zip
29345585563115 | Marcus Henrique Soares Mendes | ../Lattes/97/29345585563115.zip
16745813487378 | Luis Fernando Bueno | ../Lattes/97/16745813487378.zip
88399097793839 | Fernando Ryoji Kakugawa | ../Lattes/97/88399097793839.zip
28308906377854 | Damien Poirier | ../Lattes/97/28308906377854.zip
61528997166594 | João Ferreira D´Araújo e Oliveira | ../Lattes/97/61528997166594.zip
69955782885033 | Thiago Rodrigues de Oliveira | ../Lattes/97/69955782885033.zip
04187911798485 | Marcelo Caniato Renhe | ../Lattes/97/04187911798485.zip
94864805973670 | Luciana Gavilan Dias Folchetti | ../Lattes/97/94864805973670.zip
83560852644016 | Guilherme Pimentel Telles | ../Lattes/97/83560852644016.zip
83292465422902 | Geber Lisboa Ramalho | ../Lattes/97/83292465422902.zip
63136655476862 | Rony Rogerio Martins Sakuragui | ../Lattes/97/63136655476862.zip
02253446123169 | Igor de Souza Almeida | ../Lattes/97/02253446123169.zip
94253016107545 | Yuska Paola Costa Aguiar | ../Lattes/97/94253016107545.zip
74818230067325 | André Britto de Carvalho | ../Lattes/97/74818230067325.zip
83456845768459 | Péricles de Lima Sobreira | ../Lattes/97/83456845768459.zip
71226442923958 | Regina Darck Cançado | ../Lattes/97/71226442923958.zip
84200268507565 | Ricardo José Rabelo | ../Lattes/97/84200268507565.zip
43467186933551 | Fernando Bernardes de Oliveira | ../Lattes/98/43467186933551.zip
62344168483523 | Victor Travassos Sarinho | ../Lattes/98/62344168483523.zip
60200333424680 | Maria Madalena Dias | ../Lattes/98/60200333424680.zip
44454229735929 | Alexandre de Sousa Mendes | ../Lattes/98/44454229735929.zip
60692793246856 | Elisângela Silva da Cunha Rodrigues | ../Lattes/98/60692793246856.zip
64803557706493 | Valdemar Vicente Graciano Neto | ../Lattes/98/64803557706493.zip
52157976516603 | Cid Carvalho de Souza | ../Lattes/98/52157976516603.zip
09119617616774 | Thaís Gobet Uzun | ../Lattes/98/09119617616774.zip
56311660279069 | Thiago de Castilho Bertani | ../Lattes/98/56311660279069.zip
48935150180973 | Elpidio Inacio Fernandes Filho | ../Lattes/98/48935150180973.zip
07601418124791 | Júlia Epischina Engrácia de Oliveira | ../Lattes/98/07601418124791.zip
73872197282146 | Dalva Maria de Oliveira Villarreal | ../Lattes/98/73872197282146.zip
51093795076823 | Luiz Manoel Rocha Gadelha Júnior | ../Lattes/98/51093795076823.zip
17620503888926 | Gustavo Vanin Bernardino de Souza | ../Lattes/98/17620503888926.zip
69412005300784 | Robson Leonardo Ferreira Cordeiro | ../Lattes/98/69412005300784.zip
19688590950504 | Ivan José Varzinczak | ../Lattes/98/19688590950504.zip
93877263310192 | Osvaldo Ramos Tsan Hu | ../Lattes/98/93877263310192.zip
40759640842299 | Luciano Vieira Dutra | ../Lattes/98/40759640842299.zip
57734741098424 | Raquel Kolitski Stasiu | ../Lattes/98/57734741098424.zip
40346055970503 | Raimundo José de Araújo Macêdo | ../Lattes/98/40346055970503.zip
08563385937929 | Tarsis Marinho de Souza | ../Lattes/98/08563385937929.zip
68633014199294 | Jose Henrique Pereira Andrade | ../Lattes/98/68633014199294.zip
68233765380165 | Paulo Roberto de Lira Gondim | ../Lattes/98/68233765380165.zip
30590737740134 | Leandro Aparecido Villas | ../Lattes/98/30590737740134.zip
84014023647903 | Ulisses de Mendonça Braga Neto | ../Lattes/98/84014023647903.zip
90987649970131 | Danilo Freire de Souza Santos | ../Lattes/98/90987649970131.zip
33817450283234 | Vincent Douzal | ../Lattes/98/33817450283234.zip
58319665065036 | Juliano Araujo Wickboldt | ../Lattes/98/58319665065036.zip
94041622322471 | Ana Karina Dourado Salina de Oliveira | ../Lattes/98/94041622322471.zip
83924718938623 | Maurício Edgar Stivanello | ../Lattes/98/83924718938623.zip
96600626524397 | Ana Carolina Simionato | ../Lattes/98/96600626524397.zip
57237626091379 | Cleo Quaresma Dias Júnior | ../Lattes/98/57237626091379.zip
64625936218072 | Ricardo José Paiva de Britto Salgueiro | ../Lattes/98/64625936218072.zip
72887739953300 | Jarbas dos Santos Silva | ../Lattes/98/72887739953300.zip
34325732225937 | André Moreira Pinto | ../Lattes/98/34325732225937.zip
26346918182685 | Sahudy Montenegro González | ../Lattes/98/26346918182685.zip
39778710074372 | Rodrigo Quites Reis | ../Lattes/98/39778710074372.zip
25582909788318 | Aleksandra do Socorro da Silva | ../Lattes/98/25582909788318.zip
12184868292149 | Paulo Roberto Pierri Tepedino | ../Lattes/98/12184868292149.zip
14856888168602 | Antonio Siemsen Munhoz | ../Lattes/98/14856888168602.zip
40118489838656 | Douglas Kaminski | ../Lattes/98/40118489838656.zip
09874053943708 | Maria das Graças Junqueira Machado Tomazela | ../Lattes/98/09874053943708.zip
53587838713229 | Vladimir Oliveira Di Iorio | ../Lattes/98/53587838713229.zip
99077867723655 | Erica Teixeira Gomes de Sousa | ../Lattes/98/99077867723655.zip
33809666838490 | Janise de Jesus Lobato Santana | ../Lattes/98/33809666838490.zip
88386354516064 | Cesar Albenes Zeferino | ../Lattes/98/88386354516064.zip
63163058520891 | Marcelo Blois Ribeiro | ../Lattes/98/63163058520891.zip
04477921428489 | José Gomes de Carvalho Júnior | ../Lattes/98/04477921428489.zip
33618911096826 | Ismael Marín Carrión | ../Lattes/98/33618911096826.zip
26026025118073 | Marilde Terezinha Prado Santos | ../Lattes/98/26026025118073.zip
84980518986225 | Javam de Castro Machado | ../Lattes/98/84980518986225.zip
65056179221557 | Fabrício Pereira Härter | ../Lattes/98/65056179221557.zip
19616049140145 | Leacir Nogueira Bastos | ../Lattes/98/19616049140145.zip
77991623494574 | Alexandre Matos Arruda | ../Lattes/98/77991623494574.zip
61300107126532 | Rosa Candida de Borba Cavalcanti | ../Lattes/98/61300107126532.zip
17976698399687 | Janaina Laguardia Areal Hyldvang | ../Lattes/98/17976698399687.zip
44341639990485 | Mayk Vieira Coelho | ../Lattes/98/44341639990485.zip
76422309721833 | Flávio Morais de Assis Silva | ../Lattes/98/76422309721833.zip
06604188365242 | Carlos Alberto Malcher Bastos | ../Lattes/98/06604188365242.zip
64104916374538 | Nelson Juniti Nakamura | ../Lattes/98/64104916374538.zip
36776931160228 | Adenilso da Silva Simão | ../Lattes/98/36776931160228.zip
29305295054746 | Anton Semenchenko | ../Lattes/98/29305295054746.zip
62106754574745 | Mario Donato Marino | ../Lattes/98/62106754574745.zip
63086952695277 | Wilfrido Gómez Flores | ../Lattes/98/63086952695277.zip
60476341344108 | Pedro José de Melo Teixeira Pinto | ../Lattes/98/60476341344108.zip
54634275938452 | Roberta de Souza Coelho | ../Lattes/98/54634275938452.zip
67064139754821 | Roberta Purper Brandao | ../Lattes/98/67064139754821.zip
70816105396107 | Alessandra Mendes Pacheco Guerra Vale | ../Lattes/99/70816105396107.zip
23270028346687 | Maria Augusta Silveira Netto Nunes | ../Lattes/99/23270028346687.zip
00625695933750 | Carlos Roberto Hall Barbosa | ../Lattes/99/00625695933750.zip
52763854107642 | Patrícia Codeiro Pereira Pampanelli | ../Lattes/99/52763854107642.zip
14152685523767 | Antônio Fernando de Sousa Bezerra | ../Lattes/99/14152685523767.zip
42240121225139 | Eduardo Todt | ../Lattes/99/42240121225139.zip
53296771772567 | Milan Dordevic | ../Lattes/99/53296771772567.zip
74805238408074 | Daniel Oliva Sales | ../Lattes/99/74805238408074.zip
31198850020140 | Daniel Sadoc Menasche | ../Lattes/99/31198850020140.zip
45289519054859 | Luis Carlos Erpen de Bona | ../Lattes/99/45289519054859.zip
49779807411083 | Gaspare Giuliano Elias Bruno | ../Lattes/99/49779807411083.zip
76973741641252 | Rafael Galvão de Mesquita | ../Lattes/99/76973741641252.zip
12829629195282 | Wilfredo Blanco Figuerola | ../Lattes/99/12829629195282.zip
62174326680179 | Antonio José de Barros Neto | ../Lattes/99/62174326680179.zip
80275974104362 | Fabíola Maria Pereira Bezerra | ../Lattes/99/80275974104362.zip
94708784948688 | Antonio da Luz Junior | ../Lattes/99/94708784948688.zip
85076462998501 | Jean Carlos Domingos | ../Lattes/99/85076462998501.zip
32708325371272 | Anjolina Grisi de Oliveira | ../Lattes/99/32708325371272.zip
19520896979379 | Eduardo Gauche | ../Lattes/99/19520896979379.zip
37446911196339 | Maikon Adiles Fernandez Bueno | ../Lattes/99/37446911196339.zip
35421846879245 | Katia Alves da Silva | ../Lattes/99/35421846879245.zip
29982894313130 | Alexandre Alvaro | ../Lattes/99/29982894313130.zip
35354654905236 | Maria Andréia Formico Rodrigues | ../Lattes/99/35354654905236.zip
50375487616051 | Daniela Cristina Cascini Peixoto | ../Lattes/99/50375487616051.zip
62559130962213 | Tereza Gonçalves Kirner | ../Lattes/99/62559130962213.zip
19736369996013 | Milena Guessi | ../Lattes/99/19736369996013.zip
97641567631872 | Paulo Sérgio Cugnasca | ../Lattes/99/97641567631872.zip
43003955628885 | Mário Antonio Meireles Teixeira | ../Lattes/99/43003955628885.zip
95120347183128 | Leandro Puerari | ../Lattes/99/95120347183128.zip
31293076574399 | Silvio Ricardo Rodrigues Sanches | ../Lattes/99/31293076574399.zip
08157684370779 | Natália Cosse Batista | ../Lattes/99/08157684370779.zip
16355545847975 | Rafael Andrade | ../Lattes/99/16355545847975.zip
94193615287737 | Marcos Aurelio Lopes | ../Lattes/99/94193615287737.zip
23610049807956 | Antonio Carlos Bento | ../Lattes/99/23610049807956.zip
76045320641172 | Glauco Vitor Pedrosa | ../Lattes/99/76045320641172.zip
05108711089471 | André Pinz Borges | ../Lattes/99/05108711089471.zip
81634193003068 | Gilberto Ribeiro de Queiroz | ../Lattes/99/81634193003068.zip
06166020816798 | Hermano Perrelli de Moura | ../Lattes/99/06166020816798.zip
22863822347014 | Nandamudi Lankalapalli Vijaykumar | ../Lattes/99/22863822347014.zip
74823066634212 | Eduardo Antonio César da Costa | ../Lattes/99/74823066634212.zip
94394771652548 | Maria Adelina Silva Brito | ../Lattes/99/94394771652548.zip
54930130658176 | Lincoln Brasil Silva Rosa | ../Lattes/99/54930130658176.zip
78162143488864 | André Luis Cavalcanti Moreira | ../Lattes/99/78162143488864.zip
75610954564787 | Rafael Camargo Ferraz | ../Lattes/99/75610954564787.zip
37412815574283 | Nildo Carlos da Silva | ../Lattes/99/37412815574283.zip
55889801376750 | Anderson Belgamo | ../Lattes/99/55889801376750.zip
11387557479252 | Nilda de Oliveira Vilela | ../Lattes/99/11387557479252.zip
08551714372236 | Ana Elyzabeth de Araujo Farache | ../Lattes/99/08551714372236.zip
14585729435670 | Leonardo Chwif | ../Lattes/99/14585729435670.zip
89132891187902 | Luiz Marcio Spinosa | ../Lattes/99/89132891187902.zip
92345823385350 | Emiliano Gomes Padilha | ../Lattes/99/92345823385350.zip
43244251971668 | Luiz Adauto Pessoa | ../Lattes/99/43244251971668.zip
01951473675734 | Francisco Alves de Sá | ../Lattes/99/01951473675734.zip
19932195322006 | Alexandre Perin de Souza | ../Lattes/99/19932195322006.zip
07855436574857 | Antonio Claudio de Carvalho Monteiro da Silva | ../Lattes/99/07855436574857.zip
38713955885093 | Pedro Henrique Triguis Schimit | ../Lattes/99/38713955885093.zip
97914272338610 | Alessandra Costa Smolenaars Dutra | ../Lattes/99/97914272338610.zip
37016452126074 | André Grahl Pereira | ../Lattes/99/37016452126074.zip
33272705763241 | Roberto Franciscatto | ../Lattes/99/33272705763241.zip
71995571813826 | Antonio José Ferreira Machado e Silva | ../Lattes/99/71995571813826.zip
84652331518240 | Lacordaire Kemel Pimenta Cury | ../Lattes/99/84652331518240.zip
50879952262717 | Gilson Antonio Giraldi | ../Lattes/99/50879952262717.zip
29343409883997 | Jose Maria Ribeiro Neves | ../Lattes/99/29343409883997.zip
57513822254435 | Neumar Costa Malheiros | ../Lattes/99/57513822254435.zip
73021912226739 | Adriano Alonso Veloso | ../Lattes/99/73021912226739.zip
98552952567661 | Jairo Simao Santana Melo | ../Lattes/99/98552952567661.zip
43296027300097 | Hagar Espanha Gomes | ../Lattes/99/43296027300097.zip
46442723550848 | Edson Luiz Padoin | ../Lattes/99/46442723550848.zip
65458635397780 | Yuri Lenon Barbosa Nogueira | ../Lattes/99/65458635397780.zip
76977118294621 | Dalbert Matos Mascarenhas | ../Lattes/99/76977118294621.zip
86623844512955 | Nicolas Pierre Roger Ramaux | ../Lattes/99/86623844512955.zip
01133314325354 | Raúl Pierre Rentería | ../Lattes/99/01133314325354.zip
01986504616851 | Douglas Henrique Teodoro | ../Lattes/99/01986504616851.zip
